{"cameraMode":{"drawMode":0,"name":"Shaded","section":"Shading Mode"},"sceneLighting":false,"audioPlay":false,"sceneViewState":{"showFog":true,"showMaterialUpdate":false,"showSkybox":false,"showFlares":true,"showImageEffects":true,"showParticleSystems":true},"in2DMode":false,"pivot":{"x":71.47830963134766,"y":114.87960815429688,"z":-253.98190307617188},"rotation":{"x":0.2766430675983429,"y":-0.3886062204837799,"z":0.12354333698749542,"w":0.8701837062835693},"size":0.12989851832389832,"orthographic":false}