{"cameraMode":{"drawMode":0,"name":"Shaded","section":"Shading Mode"},"sceneLighting":false,"audioPlay":false,"sceneViewState":{"showFog":true,"showMaterialUpdate":false,"showSkybox":false,"showFlares":true,"showImageEffects":true,"showParticleSystems":true},"in2DMode":false,"pivot":{"x":71.47100067138672,"y":114.88961029052735,"z":-259.5519104003906},"rotation":{"x":0.2792612910270691,"y":-0.1532914638519287,"z":0.04521249234676361,"w":0.9468376040458679},"size":0.39741289615631106,"orthographic":false}